f1,f2,f3,f4,f5,f6,f7,f8,f9,f10,f11,f12,f13,f14,f15,f16,f17,f18,f19,f20,f21,f22,f23,f24,f25,f26,f27,f28,f29,f30,f31,f32,f33,f34,f35,f36,f37,f38,f39,f40,covid
-389.71915,55.926735,-29.878372,19.149235,-7.1065817,-6.8507247,-19.501427,-1.2004076,-6.1456127,2.691319,-3.4648278,-14.292681,1.7672205,-3.9590898,3.4095578,-5.488576,-5.978292,-1.2159411,-6.0321116,-5.6001244,-2.5949168,-0.96815735,-4.9185915,3.487528,-1.3498445,-2.3211904,3.1848922,1.5617446,-1.1575576,0.16368805,-0.2562601,-3.85752,-1.22085,-0.59110206,-0.18406212,-3.9552188,-2.2782426,-0.5686767,-3.131164,-2.4033244,1
-820.8583,101.07537,-4.6784267,31.585423,-16.652426,11.146338,-16.820795,-5.872419,-5.4306364,-4.470118,-8.904316,4.358095,-11.767449,4.700934,-10.85126,-1.5866426,-5.7863445,-7.696,-12.219123,-4.550355,-9.500778,-2.5152938,-4.474844,-0.17843477,-0.5367846,-1.9945292,-2.138924,-4.3918757,-4.8552504,-4.181937,-2.9750743,-3.3237002,-2.6559303,-3.7376337,0.6817941,-2.1096752,-1.5666046,-1.7341847,-1.5152484,-3.283688,1
-390.47952,54.46627,-9.529082,21.619106,-24.004921,-6.897151,-15.538869,-8.057191,-9.37449,-7.1470704,-6.1110096,-7.6122255,0.36247712,-8.3250065,-2.2463176,-7.0719137,-6.2615814,-5.3398013,-5.55325,-3.0491645,-2.6931753,-1.3626401,-3.1915689,-0.9308829,-0.04957696,-0.73936224,-2.584887,0.6656086,-3.282386,-1.4683934,0.51791734,-2.8369696,0.34608638,-1.6014354,-1.6053195,-2.6304457,-1.4901488,-1.1911004,-0.9080465,-0.7822284,1
-451.33353,54.640476,-2.0864024,16.66316,2.0450044,1.5238056,-17.770216,-12.671163,-17.592697,-1.0585493,-12.332989,-8.493055,-13.533576,-0.54600394,-10.9905205,-7.6903625,-5.2852335,-6.511944,-3.905589,0.084205545,-2.631049,-4.274847,-3.9355242,0.8868988,-4.139447,-4.5173945,0.28220457,-3.552864,-1.9033135,-0.8503686,-3.3155198,0.5224853,-1.8599352,-2.071468,-0.80152965,-1.5881705,-2.898221,-2.8177066,-1.9715315,-1.4061233,1
-413.8285,64.55288,-25.42603,-1.3059297,-20.890589,10.078624,-22.739899,-7.6977773,-18.032658,-7.4231544,-3.1514285,-6.5552077,-1.1814684,-3.0839798,-0.9502303,-11.597737,-1.8432362,-3.9796777,-2.5723267,-5.0547805,-5.0567675,-6.307903,-3.8833842,0.2078517,-4.10509,-0.79193276,-1.243074,-1.8071848,-1.3969868,0.123767786,0.16895653,1.950818,0.54614085,1.2153366,2.2266998,0.8134681,-0.57673043,0.17186345,1.5254147,0.31090096,1
-400.8105,62.338287,-16.318213,15.361431,-9.848325,-0.8680579,-18.225643,-8.795517,-19.474663,0.49960333,7.354086,-11.327753,0.043954737,-8.226724,2.6328874,-2.145008,-7.8937597,-3.346706,-5.9178166,-7.221392,-5.8911366,-0.4454946,-6.7802176,-5.2093496,-2.211489,-2.9208028,-1.0727552,1.3795702,-1.1470466,-0.5993265,1.842859,-1.1251754,1.3169417,0.99310356,0.13412957,-1.5566616,-1.710836,0.043208234,1.6323891,0.72587174,1
-362.74625,42.98922,-12.191142,19.340305,-19.527334,5.16167,-8.676898,-14.683883,-7.6313195,3.8885558,-4.0090046,-1.5093373,4.0589695,-1.5568871,3.0186071,-3.0219254,-0.22479431,-4.7715034,-3.3386714,-1.7780336,-1.9254766,-2.1483982,-1.740375,0.0035964844,-0.60686624,2.11667,-1.1403747,0.86815155,0.44195414,-0.434813,-1.3258908,-0.7094919,0.27779847,-1.1654934,0.7290264,-0.052721534,-0.4873413,-0.1904217,-1.3144999,-0.5003253,1
-406.00153,39.017994,0.35391143,13.687361,-13.8984165,4.485101,-0.36095095,-2.2108617,-2.9129763,-11.14533,-1.6200079,-5.7387633,0.19095883,-0.64518523,-9.815261,-2.489619,-3.9960213,-5.9892464,-1.7147323,-2.8799646,-4.2397404,-2.52933,-1.676928,-0.6400714,-4.2075534,-4.0926275,0.0073778676,-1.7001845,-0.21288097,0.8336427,-2.0604608,1.3457744,-0.077285156,-1.5922252,1.1697487,-1.5937274,-0.07207342,1.0041773,-1.0169196,0.540432,1
-400.25775,65.43495,-10.942787,19.128609,-10.880058,1.1082592,-18.819983,-3.765175,-11.7664,0.03385527,2.717217,-13.369978,-1.3141338,-9.139313,1.1235808,-4.9972253,-7.6685605,-6.9450665,-7.098722,-5.429567,-6.44899,2.3436935,-3.6359031,-3.72875,-2.309248,-3.4675002,-3.2473378,-0.07381091,-1.6681029,-2.035207,0.082713366,-2.4445724,1.8140792,-1.022776,-2.2232711,-0.67215043,0.6433809,0.64777195,-0.2539554,0.9590021,1
-551.9602,25.551252,-1.4333389,17.790668,-12.247804,4.8576665,-10.65351,3.6184096,-2.9988935,-3.0831888,-0.83789724,-6.4150367,-4.078728,-6.337852,1.2628788,-7.3618765,-2.675904,-3.6833453,-4.6293373,-2.0158904,-0.8627746,0.7300721,-3.0469341,1.5924554,0.35817254,-1.7624316,-3.6291988,-2.437831,-0.26122415,-0.34340712,-0.43198016,0.7738138,0.69733447,-0.016462725,2.0225794,0.7556088,0.708431,0.026862282,0.20082833,0.5966067,1
-269.85245,57.603333,-26.193747,8.361254,-31.155218,19.2448,-18.41289,1.1511029,-18.649559,-6.313747,-12.000723,-12.794945,3.3717115,-7.5951734,0.24528876,-10.9462595,-10.964186,1.8422016,-12.278458,-5.525264,-5.3701534,-1.728432,-1.8888603,7.595523,-3.5606365,1.1360807,-2.818066,-0.5321466,2.4154696,-6.2204857,-1.0740048,-6.14107,1.144939,-10.795911,3.9282362,-7.6550236,0.9731443,-1.7310154,-3.0957117,-0.21688768,1
-512.2824,33.205338,-17.380636,8.655806,-21.94688,2.87512,-7.6164274,-0.8554285,-8.746298,-5.885619,0.64981115,-4.652765,5.402807,-5.626057,-4.758261,-3.7658284,-2.2308578,-2.4776323,-0.77037555,-2.9517136,-5.2508802,0.72386515,-1.710696,2.762323,-3.6000333,-2.4209993,-0.90262616,-2.455405,0.7663891,-2.5314121,0.041681897,-0.80737734,0.61250144,-0.68308645,-1.3338047,0.61603993,-1.4801348,-0.27306777,-0.20089252,0.3223566,1
-551.9997,50.1118,-17.898342,-1.0665306,-13.36098,2.7590475,-10.197988,-1.3332891,-6.529424,0.84269536,0.6532806,-6.95658,-3.191317,-2.852686,3.6928215,-8.4769,-3.600959,0.11676255,-1.1659869,-3.4490168,-2.5488458,1.3039036,-2.628993,0.033494644,-4.2179275,-3.3077962,-2.0450144,-1.4313858,-0.90462697,-0.25288334,1.738431,0.0033359665,-1.5501034,-2.751967,-0.35738742,-0.31816036,-0.1867103,-1.3126495,-1.3643852,-1.403252,1
-407.45746,53.970757,6.846855,4.682836,-20.684381,18.703823,5.2083435,-8.606543,-9.656084,-16.239277,-3.570792,-4.4111934,-4.615809,-7.8312345,-8.383242,-2.6940572,-4.0648265,-5.3744836,-2.3928154,-6.0893097,-4.8091917,-2.3364663,-5.2395806,-1.6272331,-4.3305764,-4.286928,-1.7806091,-1.3567958,1.172937,-1.3393849,-2.1888397,0.098213494,0.8582849,1.5589445,2.2035205,-1.1862019,-0.036646802,1.955277,-1.1760753,1.3084368,1
-715.0408,112.55676,-4.9415765,40.089188,-11.737171,18.112038,-6.1500373,-20.350525,8.109591,-21.349709,-7.048508,-5.667559,-17.593771,-4.6971254,-11.899316,-11.463547,-5.1892395,-9.205789,-6.787139,-6.1449018,-8.55423,-4.637526,-5.652311,-6.8893957,-6.2289834,-5.0309963,-1.6834611,-4.137617,-2.84245,-2.4948044,-3.2245162,-1.0555991,-4.359284,-3.4055126,-1.9760371,-3.7530055,-2.134936,-2.0425165,-3.1064641,-1.6461197,1
-385.1559,92.38019,-20.376118,26.579958,-7.189676,-10.281976,-5.2933326,-25.840366,-24.970718,-0.41829872,-3.6138923,-9.773513,-1.1351693,-11.597329,-1.0424839,-5.653754,-15.449304,-9.760067,-11.0129385,-7.074625,-8.088428,-5.9559994,-7.552072,-3.497041,-2.3027344,-9.350275,-1.1947616,-1.473379,-5.60319,-0.9038781,0.3333716,-4.593392,-3.0624442,1.8172672,-0.6025531,-0.8329908,1.0915763,1.4583466,-0.64422715,0.16766597,1
-435.42242,62.855545,4.644002,-3.2285926,-13.218501,21.175344,-27.333681,-6.0476956,-12.253852,-18.127005,-3.8074856,-7.9857407,-5.642202,-15.650982,-1.2076082,-1.4092836,-7.8400373,-5.3542066,3.3846626,-2.8459206,-7.348216,2.9804733,-5.8625064,-1.4516242,-3.6975133,-1.2071452,-1.1020312,-6.046513,-1.0622343,-1.8674635,-3.8650396,-6.13345,-1.7393152,-2.1370137,-4.220163,-0.6759325,-2.659495,-1.8754491,0.22443633,2.3114245,1
-439.7102,69.860596,-8.995832,13.866982,-21.022228,-4.01187,-19.333431,-6.0449085,-10.640534,-8.819271,-3.1949177,-6.3219333,1.4048594,-8.448142,-3.4433029,-5.582493,-3.2617497,-3.622554,-3.1214266,-4.483325,-5.2031674,-2.9924545,-7.107945,-2.1063228,-5.064337,-3.764964,-2.612456,-2.74469,-1.785089,-2.4094837,-1.8453904,-3.029407,-1.0326514,-2.3700583,-2.0101306,-2.0097537,-2.3905165,-1.0783651,-0.40282005,0.43730187,1
-427.90335,75.33641,-15.313685,-15.862761,-12.721509,-1.882547,-11.188922,-8.055454,-8.81868,-6.160522,-2.401359,-1.8974419,3.4160068,-5.005594,-5.4565296,-6.4994574,-3.8845847,-2.1172307,-5.7557607,-3.512441,-6.296676,-7.4914126,-6.69803,-5.561137,-2.5054162,-0.18735105,-0.58189166,-0.88779855,0.45135176,1.5456822,0.82768273,-0.480865,-1.3620769,-1.8873341,1.3891742,0.46543118,-0.36856142,0.9063096,0.62292063,1.3419956,1
-305.1343,88.259766,-42.08333,1.5051339,-18.2318,16.865461,-28.654253,-15.188133,-28.786272,-9.213877,0.80035937,-15.628105,-7.507227,-10.421706,-1.3143405,-3.828236,-0.56832683,-9.24024,-9.729718,-10.769737,-8.453652,-10.141359,-3.4825459,3.2334795,-5.3676853,3.6621597,6.755458,-1.626592,0.059172433,6.1638026,-0.13354018,1.5338359,-1.6819887,-1.1949917,2.8709645,-3.199257,-3.2144828,1.0819622,0.39654616,-2.6512978,1
-338.42603,85.58838,-21.102884,8.829688,-3.2324908,21.524433,-37.320343,-21.29969,-17.686693,-10.898137,10.366042,-1.0324512,-0.2780253,-14.094362,-4.45495,-5.74866,-4.8547254,-4.938263,-8.564529,-1.856731,-8.870811,-12.100574,-4.4643464,-5.27434,-3.9129364,1.3245407,-5.001556,-0.41180497,-1.4318835,-1.7918595,1.4994787,-0.2570968,-1.8262693,-2.5795405,2.6353016,-1.6172587,-1.0815637,-0.34272122,-0.49843976,2.189046,1
-390.29785,63.001343,-18.987514,17.580002,-10.906658,2.0885587,-18.560146,-6.573833,-13.853415,0.6387973,4.8609624,-12.97614,-0.2939614,-9.124547,1.5719521,-4.2530694,-8.240955,-5.1874833,-6.0624294,-5.204203,-8.431386,-1.2580365,-5.036384,-3.1193924,-1.1007444,-3.442599,-2.1728919,0.47388625,-0.048578568,0.76689,1.0766165,-2.2149146,-0.4967721,-2.154139,-0.24099436,-1.9519496,-1.024921,-0.048985984,-2.114785,1.1357445,1
-474.29135,39.933323,-5.3622828,-0.104438916,-9.017367,-6.921025,-12.405149,-7.337693,0.95715797,-6.2175016,-4.9647827,-5.873616,-3.7879162,-1.2627276,-4.6045685,-2.400267,-1.141483,-2.089517,-1.9631277,-1.1995345,-2.7055938,-5.729992,-2.6713035,0.7439353,1.0097411,1.9285436,1.4970112,1.2454587,-0.07033474,-1.2763507,0.81198674,1.1893065,0.12653215,-0.040841483,-0.094134405,0.5585535,1.0319535,0.21899714,-0.41610417,-0.12328043,1
-366.22803,54.04431,-20.87607,11.823387,-22.81241,-3.7620173,-11.506896,-8.644474,-13.5666275,-4.155171,-6.4521346,-6.226137,-1.1252017,-5.6082153,0.8354163,-6.5449467,-0.28771284,-3.6175542,-4.0033503,-3.4599683,-2.2303717,-2.6492212,-7.3285036,-0.27383223,-2.3358963,-1.9933547,-1.0614923,-0.3936062,-2.833011,0.8505878,-0.78672624,-3.00267,-0.44902658,-2.6198447,-0.039592408,-1.408372,-0.7052115,-0.8054992,0.5521967,1.096888,1
-573.6892,33.555435,-11.602078,26.53065,-19.503328,17.08673,-9.806561,9.94697,-6.194939,7.5776553,-2.3797395,-13.954858,6.142563,-4.2028556,4.4769998,-12.4291115,-7.481544,-7.3262477,-3.6476552,-2.0414336,-4.477042,-0.13279895,-5.414631,2.0243013,0.66019994,-1.6685814,-3.7817023,-1.2030588,-1.5339719,-4.2927814,-0.063727096,-2.6413808,-3.4121296,1.7522739,-1.1602399,-1.6878448,1.9166236,-2.1212518,0.5978623,1.2527297,1
-383.18146,58.195404,-24.60453,16.219946,-15.211372,1.6581749,-16.08989,-2.3564546,-12.7564535,0.95498693,5.16615,-12.960046,-0.14503944,-8.490112,0.84013134,-5.509199,-7.3060284,-6.0688114,-5.7771916,-2.0532253,-7.269798,1.4597521,-4.667409,-4.7966547,-0.5151774,-2.0915914,0.5870106,1.764875,-0.87323743,0.5189817,1.0695134,-1.8555926,2.9309268,0.47017896,-0.9395345,-1.2463083,-0.8183013,0.9199639,-0.2505519,0.4730714,1
-406.45895,51.941483,-20.950829,19.634434,-21.743097,5.927945,-17.607882,-7.2123756,-2.9700944,0.0390447,-5.673493,-9.821063,0.22626747,-8.703086,-1.5289087,-7.706131,-4.9788604,-2.391655,2.0483708,-1.7648822,-3.083345,2.4730577,-2.132753,-0.68463004,-3.115537,2.057255,-2.5799353,-0.549278,-0.6879059,-4.60479,-2.3626351,-3.947216,-1.6353071,-3.3563566,-2.382122,-3.2940378,-0.4355863,0.5712311,0.6563982,0.4408078,1
-482.98782,46.712425,-7.2367287,16.683397,-15.075234,7.586647,-14.112937,5.9997315,-6.8686433,-4.335089,-0.8266468,-2.1675122,3.9628224,-4.6133637,1.1894826,-8.126689,-0.9041112,-5.224814,-3.5533593,-2.701328,-3.2651515,-2.6121123,-6.4651356,0.9334026,-3.939209,-3.659818,-2.1618512,-3.6152194,-4.327152,-0.38072497,-2.1862981,-1.6775538,-0.97203207,-4.60403,-1.779564,-3.573689,0.068217725,0.7543937,-0.5306152,-0.72834426,1
-400.78125,96.55532,-8.535941,2.3911448,-6.4817185,-0.14958876,-9.072343,-12.159644,-1.4338278,-7.921546,-5.452783,-4.409509,-4.7675195,-5.845385,-6.719626,-5.4083133,-8.494879,-5.5157585,-5.0782504,-9.277639,-8.895168,-7.270251,-5.352319,-6.243729,-4.4996963,-3.0597186,-5.564268,-2.6235034,-1.6843492,-2.340006,-1.4961393,-1.8082676,-1.4715889,-2.7796035,-2.4162252,-1.9487737,-1.4832644,-1.1276289,-2.5000103,-2.277918,1
-654.8621,70.402245,-28.53097,20.715519,-63.821655,18.630125,-48.163097,-0.48053217,-18.452063,-20.494623,-4.8172026,-26.797066,-1.0306352,-21.62144,4.7837954,1.0102954,-2.3310456,3.0665696,-3.9459176,1.3442955,1.5582566,1.8291907,-2.8578856,-0.5580437,-2.5508268,-4.892924,-2.632962,0.31596032,-0.9314019,2.3086815,4.090382,3.5734475,-1.4183583,-7.413466,-0.6885337,-4.678528,-3.3887613,1.4679569,-0.40222436,1.3943056,1
-356.16873,53.130684,-45.419044,31.989477,-34.980484,12.024267,-24.481657,-3.3622088,-8.837994,-8.323253,-8.249181,-8.529718,7.5491915,-11.240027,-2.2892463,-7.5785356,2.5586104,-4.3852816,2.9008424,-3.9544082,-8.220869,2.9172726,-8.59104,1.7072684,-3.6231375,-0.051860977,-3.1889026,-2.080722,0.8189381,-3.7593958,-0.7736286,-3.0773392,1.238373,-0.45472723,-0.51039255,-0.25366095,1.5883176,-0.87470245,-0.9818233,-0.32940668,1
-486.52466,49.86028,-21.93645,5.010623,-6.7024903,4.166873,-10.8970175,-6.4311,-10.662488,2.9883091,-10.41268,-7.804384,-0.89446235,-8.746725,-2.6726482,-4.971999,2.6872253,-6.7529783,-0.5576714,-0.22407445,-3.1090703,1.6775892,-2.0573115,-1.0376029,-0.3548332,-1.3678031,-1.3182235,1.138007,-4.614609,-1.9835552,0.35412455,-2.211987,-0.95418847,-0.960728,-1.2038896,1.062888,0.37439013,-1.4853979,1.1743286,-1.4117066,1
-340.75784,104.39623,-32.46605,-13.380939,-3.259679,0.7365426,-22.029663,-17.571657,-9.471723,-5.3133316,-5.568194,-8.0754795,0.7793422,-5.551783,-6.4643917,-0.95388365,-1.9271631,-2.4159098,-3.7761056,-3.483209,-3.4714894,-0.45396382,-1.797112,-1.9202797,-1.5765965,-0.93680286,-2.626335,-2.463738,0.07819684,-1.5332729,-1.1949066,-0.16059756,-1.3199077,-0.12231443,0.6016817,-0.8828853,0.34445128,1.5485342,0.44056877,0.41627872,1
-405.5315,57.939137,-32.747086,12.119844,-8.218422,-10.192364,-24.715076,-1.9672797,-12.176133,2.5096498,1.9771821,-16.351318,1.4466639,-1.9867337,-0.22462088,-8.453516,-6.953686,-1.4733157,-1.6629525,-5.9351535,-3.2966242,0.5384151,-5.33319,3.4516523,0.5209604,-2.4370642,2.287687,4.3356347,-3.1704888,0.5375094,5.0949397,-1.2392509,0.8593935,-1.865187,0.37643996,-1.836516,-2.740043,0.7786492,-0.63144916,-0.7209729,1
-428.6827,68.35837,4.36699,3.3866413,-32.356323,0.024295308,-9.018907,-10.623088,-7.367483,-12.1889305,-2.2967675,-3.6167502,-3.7955236,-7.685504,-7.6065283,-4.928561,-5.538938,-8.245977,-2.3863695,-2.354609,-3.2098544,-0.5592342,-1.8231943,1.746607,-0.33056217,-1.3676149,-4.130045,-3.4544687,-0.9817898,-3.3567822,-1.2357135,-3.0793104,-2.2994924,0.84262526,-0.9563144,0.1763338,-1.1075773,-3.7753246,-0.7622791,-1.1121488,1
-529.29504,31.904106,-9.242386,12.823877,-2.0768507,5.76489,-5.036594,4.5652804,-9.049924,-0.7422619,-0.15348777,-8.462563,-2.3210661,-6.81045,-3.3837776,-9.067073,-4.882601,-6.016847,-2.9297206,-2.9508681,-6.555759,-1.8355832,-2.5819497,-1.364873,-2.2017593,-0.17186247,-1.1517419,-0.29313305,1.2639968,-0.36523125,-0.38826963,-0.06034536,0.8205578,0.98204815,0.50641984,1.1603242,1.6514641,-0.5045442,-0.44308883,0.33490926,1
-395.6468,52.107006,-24.991749,16.804037,-19.5319,-2.9767709,-19.424322,-7.082441,-9.516981,3.8842468,-13.811128,-9.884233,2.193556,-7.43359,-2.461944,-6.147928,-2.9453053,-7.0370965,1.1981356,-10.114623,-8.882938,0.9725358,-2.8328671,-2.5164168,-1.1776723,-2.6331248,-2.4411888,-0.03412319,-4.147484,-0.035922024,0.616673,-0.0028901792,-0.4679007,1.3229666,0.2221719,-2.089539,-0.40974468,-0.66281873,-1.6363933,0.35211232,1
-582.9566,17.365604,-4.555893,-0.3417535,-4.7459993,0.6805751,-2.7309976,-0.63149583,-2.6824856,0.32482404,-3.066385,0.41518947,-0.93699336,1.2419386,-0.4958396,-0.06467898,-1.4471295,-0.85777855,-1.5459708,-1.830716,-0.023536988,-1.2604891,-1.3060559,-0.54907393,-0.5544753,-0.59324604,-1.1148111,-0.56842947,-0.92490983,-0.58456665,-0.72551906,-1.4412262,-0.8702738,-0.6651836,-1.1296029,-0.28841403,-1.043228,-0.5435547,-0.6785442,-0.5180331,1
-324.94775,86.320366,-27.193817,-11.660505,-37.198063,6.8232074,-21.910578,-16.434015,-11.980458,-0.37805,-3.4150589,-9.124888,-4.7891817,-9.137728,1.3255458,-5.820888,-1.4644101,-3.2056484,-2.3917496,-1.6851386,4.033604,-2.231577,-6.4776783,1.8749955,-2.6195803,-3.641782,-5.6926723,-1.4323814,-3.4232488,0.76289684,-0.72947586,-3.396242,1.1336116,-2.3098235,-0.82086986,-1.2894616,-1.5016987,-1.6195474,-0.9243029,-0.7916574,1
-431.1393,66.43581,-7.6858993,21.239115,-40.57002,15.548559,-9.484679,-11.793276,-4.24192,-23.734179,-2.8883426,-3.9147146,-8.6622715,-3.6415439,-3.7784948,-10.420965,-1.6747442,-5.773071,-6.9113193,-7.134864,-12.589511,-4.461566,-5.849158,-4.07105,-1.4458245,-2.7553062,-1.495666,-1.5989056,-3.0417066,-0.24863218,-0.4450891,-1.8040688,-0.5795783,-1.6178304,-2.1242015,-3.4345155,-0.33932346,-0.15828124,-0.11700843,0.2721864,1
-456.20264,44.997253,-21.268593,8.289478,-24.10411,5.0849624,-14.677333,6.7926974,-8.239429,-7.3799806,1.0875671,-1.6149207,2.2393029,-8.985852,-2.6216545,-8.170638,0.7566067,-3.6574392,-2.488661,-0.21999232,-4.070038,-0.564785,-2.5415385,0.783048,-4.9736524,-4.1965413,-1.0892854,-0.79517233,-2.2672186,-0.24493702,-3.2948074,-3.1285095,-0.38430274,-2.7414958,-0.4558002,-1.754531,0.22220449,0.039622985,0.08892064,0.9940117,1
-444.85342,43.60934,-2.1497755,5.2390885,-18.608015,6.33277,-8.016005,-14.005799,-7.7835827,-11.385394,-1.20939,0.46687508,-4.445818,1.8792709,2.9708111,-5.2630954,-0.73603314,-4.4524937,-3.1368816,-4.3297944,-5.7393184,-1.0244159,-4.8280044,-1.9456645,-2.5680082,-1.8847884,-1.5536733,-0.9718292,-1.1236174,-3.0968769,-0.612752,-0.7509621,-0.34723505,-2.8107948,-0.6375702,1.534948,0.34579337,0.7245217,-0.042691927,-0.3172467,1
-566.2187,128.77135,-38.20968,17.751753,6.298014,15.544926,1.1034231,5.0476947,-3.026928,-5.802986,-10.796677,-14.929145,-15.348993,-6.2677383,-6.4620275,1.8250717,-0.16486824,-0.5823678,-6.2442303,-1.8202834,-6.5159836,-3.2414358,-8.817181,-3.7800667,-5.153392,-4.4470744,-2.0923836,-4.8688183,-0.07232451,-5.50931,-2.89348,-4.317638,0.9363141,0.7895493,0.23383991,-0.34778503,1.6581645,-2.402721,-2.5435398,-3.2321124,1
-390.6114,50.154747,2.259555,-3.436413,-11.687824,-4.462635,-4.511532,-6.3332386,-17.951406,-3.306553,-7.9520926,-2.8946123,-6.1820974,-3.120992,-2.7203014,-0.40235853,-6.856852,-3.6881692,-2.5406635,-5.7756715,-5.344007,-0.94451416,-2.9116123,-2.5600443,-0.091675,-0.15599966,-1.2056179,-0.49854136,1.922542,-1.2106973,1.7326621,2.022564,0.5754204,-0.46049544,-0.046289023,-0.36306822,-0.34432992,-0.33476737,-0.6353413,0.30972335,1
-343.87085,77.408264,-28.43663,17.062222,-20.444723,3.950937,-18.344067,-9.998957,-12.716143,-9.292525,-5.220855,-7.379277,-0.57700115,-9.514357,-0.5856869,-6.798396,-3.8826637,-4.0715785,-0.73793155,-6.282026,-7.263307,-0.37900525,-7.3567896,-1.1325772,-4.4185176,-3.150676,-3.838882,-3.585693,-2.524309,-3.1318753,-0.7989028,-3.2870228,-1.6421547,-2.304181,-0.2800374,-2.1675186,-2.8847244,-1.9026407,-0.7479319,0.034428954,1
-394.77078,88.94455,-19.349718,7.1733,4.3618894,-9.844081,-27.484983,-20.896975,-5.444525,-6.3391795,-13.375959,-12.581608,-3.0972466,-5.44632,-7.1427217,-7.7474136,-4.3325596,-1.4990486,-3.6913266,-0.98802054,-2.1272602,-2.5630171,0.19113338,-1.4487714,-3.3925245,-3.5559888,-0.25465214,1.6373216,-0.5816431,-0.19750993,-1.661609,-0.9075733,-2.3825297,-5.405933,-1.3058661,-2.4122062,-3.5627534,-4.2024593,-3.562881,1.187078,1
-455.77435,30.633951,-15.858063,8.566571,-15.616035,4.935477,-16.873135,-1.5402445,-1.1244675,1.6839483,-5.1025605,-6.928809,2.4109557,-6.56127,-2.5443702,-6.3349648,-2.0949774,-2.3799632,1.8852946,0.5522354,-0.70142907,4.8891354,-0.19547032,-0.6871079,-2.2431278,0.14302962,-1.8431226,0.27948126,-0.06296127,-1.9318762,-1.8944536,-1.2314184,-0.059226442,-2.279895,-0.472598,-1.9905696,-1.0077766,-0.27877742,-0.22726758,-0.29329196,1
-542.68945,33.393936,-16.780579,6.939766,-9.984199,2.3849711,-11.908877,-2.4127722,-1.4071231,1.0903159,-4.4208546,-4.1423125,2.1890228,-4.9369836,-2.3752437,-3.5679703,-1.5124832,-3.612643,-0.9493459,-3.3860261,-2.2863097,1.8632808,-3.0820725,1.2126317,0.14810407,-0.50557256,-2.4173393,-0.4757503,-1.2942394,-1.3457249,-0.8415571,-2.2836006,-0.68635255,-3.461363,-1.7435586,-1.1463367,-1.0066688,-0.11269111,-0.6851629,-0.17486003,1
-368.7571,69.91239,-39.191906,12.345551,-10.093479,23.014326,-30.017586,-5.881353,-10.643592,-14.8166485,-4.7862105,-7.5333366,-0.6420474,-13.397006,-4.0857563,-6.0348616,2.0984747,-7.415015,-1.1915436,3.4116707,-6.109066,-5.614263,-3.864684,4.0078874,-4.0965905,0.5718932,-1.3746221,0.7993279,1.3165708,-1.1983118,3.0520475,-2.1643717,0.6991961,-0.65076965,0.32989702,1.5556128,-2.8594134,-1.3198625,0.9017514,-1.4860331,1
-468.19742,58.94176,-5.5539703,18.179438,-5.081896,8.074799,-12.946982,-6.130328,-8.495314,-9.831218,-3.9465296,-14.321003,-6.2540455,-5.423609,-2.8762863,-4.9914894,-4.9729476,-1.6585813,-1.0924593,1.3847857,-1.5290848,-3.0965943,-5.0938616,-1.5806186,-2.676086,-3.0919447,0.42899543,-0.28366473,-0.9877628,-2.3754034,-2.3682017,-2.4234009,-3.4506054,-0.6557643,0.060318317,-2.9080563,-1.2895141,0.2571976,-0.38908893,-0.089335814,1
-354.08664,57.67254,-28.853638,27.059504,-9.113543,-8.831574,-26.012705,-8.132631,-16.453205,-3.379757,-11.229823,-11.118688,8.031381,1.217769,4.0742126,-7.767784,3.0869086,-7.346398,-1.588412,-2.3828404,-8.921127,2.104847,-6.562937,-2.892355,-6.8693976,-3.1895294,-1.5581812,-1.6886169,-1.5403913,-2.1530485,-1.9605126,-3.7544465,-0.10786721,-3.9243112,-2.3488681,-2.947199,-0.19044185,-0.58223057,-0.97328526,1.5421761,1
-281.07416,98.86847,-27.365625,1.3035318,-25.002405,3.193914,-32.04897,-19.928268,-16.766855,-13.75499,-1.586983,-9.923079,-7.828043,-18.850584,-10.315134,-7.540217,-8.091273,-9.285108,-7.751432,-7.2491455,-5.4342155,-2.1375892,-1.2439812,-0.9912978,-3.0647264,2.5715473,-0.7174516,-0.075029485,1.5584645,1.4163284,-0.13279158,-0.7399621,1.2245312,-0.665073,0.02924129,-0.92871124,2.0507267,0.41941556,-1.369195,0.5326774,1
-341.28122,46.41546,10.727386,5.1866145,-5.952629,4.3673525,-6.3529973,-10.260512,-20.628096,-1.4396881,-8.84994,-12.15335,-6.4059134,2.5479026,-7.757502,2.2469003,-3.1343975,-4.284857,0.7177964,-4.2560873,-3.0487924,4.079023,-5.7691994,-0.16609348,-1.8726882,-1.5974591,-1.4000223,1.7353988,-1.4599596,-0.4022234,-0.8476624,0.21213648,-2.611036,0.5292818,-2.313854,-3.027615,-1.1454519,-2.6480308,-2.5956583,-1.097051,1
-488.61362,35.328167,-20.838118,16.262245,-10.572558,12.562153,-10.499525,1.5457587,-3.368872,-8.249953,-2.1108963,-4.1407814,-4.044286,-8.528124,-0.20465009,-6.594142,-5.9776382,-2.6128871,5.724569,-3.0034246,-3.9765139,4.889551,-4.620489,-0.42731875,-3.2287655,-0.40917346,-1.9160378,-3.0045443,-0.10187199,-1.0875036,-1.7180686,-3.3136039,2.8891587,1.4165156,0.13566177,0.353144,-1.266021,-2.3756275,-0.24160756,0.78847003,1
-509.03305,32.857494,-19.903776,13.950965,-18.237467,-0.49619547,-17.65036,0.16402872,-5.106104,-5.2694697,0.27588433,-4.925459,1.1438373,-9.030688,-1.9334396,-2.1653023,-1.9621978,-1.2630593,0.28356114,-0.5190688,-3.6399016,-2.2507102,-4.5938883,1.9555178,0.15890741,1.5798678,1.08271,-1.1245062,0.4973334,-1.0608314,-1.4761199,-0.75499916,0.30614027,-0.8248873,-1.7180489,-0.64039266,0.0403683,-2.5027719,-0.9547339,1.1331686,1
-491.51965,48.770996,-23.357874,10.029307,2.0371308,6.974307,-15.412081,-7.550594,-7.0704107,-8.093094,-4.9900007,-6.285434,-5.5835357,-5.4097676,0.6431635,-2.815165,-1.4166863,-0.41052446,-0.17437103,-1.7429795,-3.117472,-3.672644,-2.8861108,1.4812497,-4.166492,-0.42818335,2.2756796,-3.0072577,-1.6090183,2.067737,-1.1776087,0.09410695,1.5545338,-1.6519189,-0.8133016,-0.79724145,-0.6276736,-0.9491106,0.2780447,-1.0776297,1
-323.72168,175.65654,-21.353277,-10.441313,-7.8987722,-1.9505059,21.14276,-0.50928426,-7.667032,-2.8504674,-1.4508958,-2.7260277,-16.071539,-25.116573,-13.615854,-1.3533609,-9.10922,2.0226395,-2.9334018,-11.7317705,-11.558022,0.09725135,-10.585165,-3.3815444,-8.145508,-3.8369358,-5.3087544,-1.5220765,-3.1523309,-1.4878242,-5.8943563,-2.7314403,-1.5311967,-8.057039,-5.8572245,-1.8252021,-5.161527,-4.844602,-0.5398765,-4.868855,1
-485.61728,41.42631,-6.418652,13.855697,-24.7014,-4.9596477,-16.029055,0.90675336,-8.291404,-1.7689161,-2.7677276,-0.02787696,10.132966,-3.4615357,-6.3040476,-11.83493,5.244185,-8.035159,-9.357848,1.4478881,-9.344423,-0.23141757,-2.8991952,-2.0192273,1.5130768,-3.7203248,-2.7396955,0.403472,-3.1398938,-1.7143931,-3.5988076,-2.2460718,0.41555268,-0.85399836,0.80364954,-1.6583242,-1.3136332,-1.0754994,-1.0341429,-2.547923,1
-419.73276,59.811928,-6.4419055,14.773806,-7.58781,0.14050493,-14.291132,-8.114709,-13.20878,-1.1747428,2.6312835,-9.525407,-2.470371,-6.9601526,0.5581523,-5.141989,-6.8183184,-4.675703,-5.845698,-5.3926573,-6.4521537,-1.725098,-5.9764733,-5.5287333,-2.6262012,-3.2857602,-2.3880405,-0.21291272,-1.6202729,-1.3632978,-0.79047036,-1.7356822,-0.33579022,-1.8500684,-1.3160595,-1.7623754,-0.5246591,-0.3016342,-0.2350056,0.51551956,1
-369.64603,68.39512,-32.359447,21.258102,-17.419024,-7.085739,-26.760191,-2.4137065,-13.520865,0.5449057,-7.7514315,-22.388142,1.4613819,-4.6851544,2.2609837,-10.440205,-5.3864717,-0.581078,-5.625522,-7.8416395,-3.1557138,0.09790117,-6.2276363,3.548576,-2.5362015,-3.5620844,0.40611944,-0.6664969,-2.7361968,4.620539,4.232619,-1.6334373,-0.17912935,-1.2010963,1.896315,-3.8626974,-1.2370455,0.8711006,-2.3798249,-1.5813607,1
-454.8868,48.208805,-21.130318,18.70852,-19.097847,11.846057,-30.412563,-0.66986716,-14.070967,-7.733846,-1.6437688,-9.951234,0.19118975,-11.44039,3.2630155,-7.7544265,-7.441419,-5.7718945,-2.6252341,-1.9072777,-1.2104487,3.4890175,-2.2715392,0.46638677,0.7836066,0.6798699,-0.32433513,-1.377457,-1.2671825,-1.8471102,-1.9177002,0.3825179,-0.93166727,-0.49021003,-0.86617684,-1.1668607,-0.30743247,-1.3177744,0.6295623,1.1833969,1
-391.8826,57.342834,-15.084694,11.320806,-13.815706,0.43285567,-16.246584,-7.898565,-4.3813124,-1.507207,-3.766996,-8.799216,-2.3121817,-8.529718,-3.9104626,-6.591142,-6.3121767,-4.983115,-0.565562,-4.419342,-4.5662355,0.37024054,-4.2008877,-2.3719347,-2.83005,-0.77241635,-3.1305077,-1.3411466,-0.22976024,-2.9646003,-2.7101178,-2.8045568,-1.9686661,-3.3159769,-1.5581155,-2.6628518,-1.5054389,-0.5839155,-0.58236253,-0.15102328,1
-403.26562,80.64995,-21.551676,30.851227,-4.36851,-10.944061,-12.998986,-22.51681,-19.475325,-5.2690616,-1.8224827,-8.166335,-1.9975886,-9.51691,-0.090006255,-6.769207,-17.624376,-7.7740397,-11.423946,-9.126008,-5.211091,-4.3957114,-7.538749,-2.4734461,0.57547426,-3.58206,2.274737,-2.529872,-4.1463404,-1.331254,-2.7118392,-2.95671,-3.04019,0.35577607,-0.4645795,-0.08220371,-0.6229256,-0.53801507,1.8468639,-1.1708273,1
-520.70966,43.357754,1.6141636,7.5872264,-14.66919,12.976333,-13.803755,-3.4354997,-7.224023,-6.892751,-0.4340895,-7.3754425,-8.097214,-7.0907183,2.2435184,-1.9568999,0.2362154,-5.230464,0.11208255,-1.0120051,-3.204097,0.5265182,-6.7556167,3.063003,-3.0642605,-2.5188165,-0.9552125,-2.194647,0.63615227,0.6591761,2.3117137,-1.4646369,0.027565528,0.13313942,1.9635938,-0.44688085,-0.97277564,-0.16725993,-2.2565415,0.11378568,1
-361.66724,74.12256,-23.857939,5.8031025,-31.06826,-1.2735461,-8.119288,-16.72957,-22.704926,-11.170341,0.65757096,-5.6912494,-0.9874749,1.4467405,0.94078416,-9.618065,-3.3199406,-8.89963,-12.41132,-1.448145,-1.1136314,-5.071854,-2.26722,1.7972339,-3.3229206,-0.49444795,-1.218443,-4.6941123,-3.294009,-0.5877847,-3.3431728,-4.805081,-0.6124832,-2.6249244,0.6001302,-0.11131319,-2.0300167,1.3691025,-2.3923872,-1.9677877,1
-330.92722,61.765064,-31.693964,10.34759,-14.85941,-3.103289,-15.246665,-11.811805,-7.8928394,-5.9561877,-9.212557,-9.105714,-1.3611003,-8.323303,-6.4821205,-8.070195,-0.47347853,-3.1983328,-3.3915436,2.4135633,0.055258956,0.33201644,-0.2594491,1.2200361,-1.2632711,-0.5916305,0.111217834,-0.09842704,-0.12106261,0.044425696,1.2998608,0.8397308,1.0094641,0.21243554,0.53463167,0.28713486,-1.1456298,-0.22278497,0.6343692,0.29051992,1
-370.177,86.70949,-19.948872,23.227072,-11.028918,-12.508561,-3.376376,-23.81168,-24.949463,2.5995939,-6.1678386,-9.0079775,4.278882,-13.635726,-4.5928264,-4.6103973,-13.314037,-12.3155775,-11.028622,-7.9639974,-9.601599,-1.1646587,-7.427447,-6.097582,-0.77435905,-5.7593656,0.6541545,-0.79089284,-4.861434,-2.383792,0.4560169,-1.9448472,-2.898558,0.73951626,1.1471343,-0.75981736,-0.22497018,2.02677,0.068303175,-0.16392972,1
-416.79205,81.27317,-8.781625,5.659357,-16.05818,-7.3041606,-6.7219486,-20.526651,-14.214114,-3.1500313,1.3890362,-10.057918,-4.3352356,2.4078667,-5.3330364,-0.77596945,-2.9326696,-4.1315217,-4.8830433,-5.4577518,-2.407382,-6.4776053,-6.082861,-3.0162613,-3.6242123,-0.85945964,-1.1069771,-0.98739725,-0.15745106,0.042098515,0.36149797,-0.66340166,-1.9378984,-2.3610802,-2.2110674,-1.5249015,-0.8087839,-1.2742231,-1.9323297,-0.77703196,1
-377.81287,51.914795,-25.143011,3.291706,-21.444134,4.4645977,-22.220768,-9.122682,-10.928509,-5.458303,-0.2764974,-12.329513,1.4650509,-0.33896878,0.6194725,-5.1322227,-1.9991828,-2.7497134,-1.9041047,-2.719745,-2.2180166,-0.15543735,-4.531542,1.0554727,-0.8504683,1.0714458,0.03678346,0.84040993,0.18242207,-1.056362,1.2983363,-1.1880312,-0.2552151,-0.93647224,-0.8312919,-0.8859171,1.6398618,-0.24925892,-0.043355856,0.24743322,1
-423.4946,75.849335,-28.25965,14.5557995,-9.101275,9.963777,-4.335322,-0.118303314,-6.500852,0.14611185,-0.42348772,-4.1245275,1.1576197,-7.113306,-0.3024079,-4.127463,-1.886905,-5.3367615,-2.183389,-2.2314491,-4.0819454,0.10550577,-1.6601636,-1.566734,-1.730145,1.0054811,-3.2421644,-0.68236315,-0.76489675,-2.0627723,0.56563646,-0.24355188,-0.98845345,-0.7706388,0.81376475,-1.8306117,-0.7372191,0.17002532,0.33578575,0.13445051,1
-329.71936,94.609985,-27.060944,11.61995,-25.67967,-3.9085023,-10.126665,-21.800615,-23.190577,-8.00166,3.2211356,-7.317872,-5.78553,-8.747563,-6.822368,-13.502586,-4.444091,-8.240443,-12.743477,2.6650805,-3.662623,-2.3700926,-0.46056348,-3.495244,-2.9801278,-1.6266545,-0.27868846,-5.242022,-3.2647612,-1.9132345,-4.873356,-1.2433665,-1.3070846,-4.1388264,-1.3398743,-2.1251445,-1.8005263,0.86578244,-1.6803007,1.0978414,1
-452.35266,52.98431,-14.393595,12.609346,-22.192787,1.6913955,-15.767403,-11.150552,-8.596493,-7.8710895,-7.2318153,-10.279634,5.8130136,-1.7549253,-4.9459043,-2.6839554,-1.0093429,-5.049488,-4.5338693,-2.9628572,-3.8996103,-1.5093507,-2.3714309,-4.115981,-3.0427456,-0.13027579,-2.3227303,-0.38189203,-0.61128724,-0.88981384,-2.7329443,-2.2537026,-1.7167151,-3.550886,-0.88802767,-3.1201777,-1.5988324,-0.7539002,-1.0567791,-0.567864,1
-444.76132,45.31259,-24.550062,18.601807,-27.596115,1.4575859,-18.096825,-2.5721016,-9.554109,-6.8767,1.912216,-5.729907,3.0846007,-9.169959,-1.5789102,-4.5985928,-2.8280573,-4.055513,-1.8514303,2.3855839,-4.193261,0.84331334,-4.0096254,0.6213538,-0.2707718,-1.1033828,-1.2100947,-0.5205341,-0.9726392,-2.3885512,1.315993,-2.512819,-0.13104013,-2.299838,-0.53224915,-0.6220058,-4.094996,-0.34963244,-1.8061974,-0.46066722,1
-527.77014,39.76027,-19.772871,21.303688,-10.268251,0.2059287,-22.947369,7.121198,0.040879935,5.3111367,-9.097702,-2.7942111,-3.9093087,-9.121067,1.0357747,-14.231951,-2.2684205,-9.245317,-3.4801397,-8.580074,-2.086661,0.015421947,-4.9530163,1.5727531,-2.4977303,-0.8694557,-4.152222,-0.98945117,-3.932858,0.9594956,-0.8387743,-1.4193449,1.0591397,-2.2456117,-0.7636389,-0.6649421,2.1149528,0.4471483,2.981965,2.3359704,1
-711.2202,122.174126,-40.52286,12.84112,-9.686363,20.017523,-8.267519,6.241844,-14.556129,-6.2964053,-23.725649,-13.498021,-21.818497,-4.079123,-12.750012,-0.42879173,-9.01268,2.6491802,-7.468188,-1.2769068,-12.608278,-1.560279,-9.511689,-3.8535836,-8.312949,-1.0019021,-2.6459827,-2.0451546,-3.651052,-1.9834704,-2.5624769,-2.5035326,-3.0853455,-3.0011868,-1.7311562,-2.8295617,-1.9219584,-2.7278204,-3.005771,-3.1786754,1
-459.51123,42.799515,-27.548986,7.807605,-24.498724,-2.1998856,-20.139986,5.988602,-2.0680392,-8.134927,-6.086669,-7.6295714,5.476672,-4.3104477,-1.4589516,-1.9987907,1.1611476,-2.8099086,-1.4451758,-2.1416228,-1.3523804,-1.1911409,-6.9839025,2.36764,-3.0045447,-1.818113,-0.16616511,-1.8108056,-0.023036707,-0.9609097,-0.8852814,-0.41966614,-0.49465466,-4.3548384,-0.29760742,0.15279932,-3.002311,-1.1226758,-0.32451758,-0.49986145,1
-391.93146,35.69193,12.018999,-11.122193,-16.26551,24.77686,-10.883743,5.272147,-11.76366,0.3990845,-17.109087,10.907555,-4.508278,2.8321385,-14.95033,5.132196,-5.030387,-2.6068325,-9.068283,-2.9393284,-4.909082,-2.5801682,-6.751481,-0.15154652,-5.256593,-2.7909539,-2.4780753,-4.140278,-4.0929093,-3.5110133,-3.0656831,-3.516201,-2.9697664,-1.126463,-2.6121266,-0.86966157,-4.2761817,-2.2839313,-2.0449355,0.16465281,1
-380.01498,51.1532,-12.794571,27.164871,-20.012299,7.1512213,-14.729196,-15.211881,-16.107264,-0.61066264,-2.0425942,-9.950893,0.8742434,-9.07005,-5.7600555,-4.638507,-2.6684859,-7.1632433,-7.3816667,-1.1077605,4.536687,-6.166232,-4.539992,-3.1207738,-6.775551,1.8710121,-4.663863,-3.8597515,-4.432895,-1.2155734,-2.7602782,-5.2773905,0.10514803,-0.78527904,-0.7624914,-0.096692845,0.0060417457,-2.1374207,0.62179124,-1.8669885,1
-492.12146,39.96656,-2.8903074,1.5443858,-16.282288,-4.3869348,-12.256856,-1.889689,-10.451633,-6.5536795,-0.15753657,-4.481217,2.3873358,-2.5036435,-0.7036437,-6.0123744,-6.126432,-4.975047,-5.1897593,-4.5920067,-5.3070345,-2.833684,-3.4757047,-2.4747741,-1.9002794,-0.5082833,-0.5954172,0.27856347,-2.1996088,-1.8697042,-0.7896023,-1.9520998,0.21545306,-1.2729166,-0.16176431,0.4912867,0.53022355,0.03691358,-0.24071264,0.06964751,1
-357.81494,82.35845,-29.873219,18.666101,-18.621183,6.239714,-5.9051223,-7.5238585,-13.233888,-20.188366,-2.67325,-4.765368,-4.393453,-12.072289,-6.0388803,-4.639166,-9.036701,-3.9028137,-2.1255803,-10.912232,-9.3697195,1.6222489,-4.135587,-3.5676348,-1.4878101,-3.4541495,-0.40084368,-0.3949885,-1.403378,-0.6610844,-1.6297498,-1.5470366,1.4780579,2.0004916,-2.6305814,-2.6279423,0.47360718,-3.4299598,-0.6620868,0.7619895,1
-446.59738,64.05106,-30.711037,13.839298,-3.4494278,23.49328,-20.595848,-7.7278256,-5.743799,-12.601624,-5.582355,-12.948908,-5.652038,-8.578694,-7.034199,-3.4148433,1.9759194,-6.0972686,-2.1241608,1.194327,-3.5464385,-5.182584,-1.21398,3.2521434,-3.9468539,1.4858798,-0.08105579,-1.4851025,1.4909781,3.1229386,-2.0884995,-1.8010073,3.1075604,-2.6167257,1.0873212,-0.30455264,-1.7344124,-1.2894428,-0.6970869,-1.3506573,1
-408.45486,41.51632,-15.572968,22.198214,-29.17035,2.4561236,-7.6899467,-3.3155901,-6.887767,-6.4465466,-8.893292,-7.3360014,1.0593283,-9.3392515,-3.8710654,-10.421084,-3.9022844,-4.825583,-6.977203,-2.1283631,-1.940431,-0.89866143,-1.7541621,0.39875427,0.5764466,-0.13918443,-1.5820229,3.310719,-3.7829936,-0.7986568,-0.14646001,-4.363913,0.34428918,-2.9101698,-1.5096776,-2.3970902,-1.9351413,-1.7936271,-0.6270257,-1.635107,1
-427.1336,88.533295,-37.69022,15.039872,-31.670483,-4.9907737,-11.723366,-20.319878,-6.126513,-21.055033,-2.9464679,2.380948,-10.265074,-10.85119,-5.7897525,-6.8188987,-4.3122087,-4.701608,-10.465155,-8.748516,-5.193286,-1.763399,-3.373022,-3.9443867,-4.187952,-3.9849396,-2.7270956,-3.018785,0.65146047,4.2425365,3.8527477,0.20897384,1.0906718,1.165765,-2.7324243,0.4494994,1.0403835,-1.1438454,-0.3217438,-2.3678198,1
-308.31998,100.96426,-17.127327,32.64092,-18.71482,-27.401361,-47.007023,-26.013895,-5.1990695,-10.156048,-8.698416,-15.024203,-3.352602,-9.431841,-10.345661,-7.4946227,-1.703749,-0.92914855,-9.787623,0.66883105,-1.0259782,-6.9719048,1.8186953,-0.6752736,-5.5204854,-1.5612103,-2.7540936,-0.11634455,0.9543343,-1.6459844,-0.6954755,-1.7234607,-1.0272976,-1.6824477,-2.5179455,-2.2241387,-1.4752026,-1.58596,-2.003186,-3.0042732,1
-315.6677,97.61071,-22.38046,4.7175612,-7.8880763,-20.67121,-39.46809,-20.911186,-9.153438,-9.965161,-8.752875,-6.928315,-7.9857993,-12.472919,-5.734619,-11.993037,-8.203815,-5.2409124,-5.617044,-3.895846,-4.5765676,-1.8390819,-0.89241576,2.1230652,-0.13465768,2.8515317,4.7710767,1.4742801,4.1089816,4.2503357,1.0177822,1.7016973,3.4734054,1.0112655,-0.95150656,-1.110481,-1.2219735,-0.49798843,-0.6139727,-1.4630504,1
-295.1677,80.21124,-56.885254,28.801853,-37.675938,13.13999,-25.714579,-3.9000714,-11.399708,-10.732171,-9.92287,-12.761218,4.6612267,-8.756846,-0.20444386,-11.29768,0.66897327,-1.3988792,5.200634,-7.912997,-9.066462,5.11903,-8.640836,2.1558416,-7.1272902,-1.0250115,-3.236057,-1.8354207,-2.6469407,-4.2934527,1.7801223,-7.7826934,-0.823809,-1.296653,-0.34871048,-1.5212171,0.26606885,-4.1763124,-3.078488,3.8932972,1
-429.33737,38.64148,-17.71928,26.509584,-25.688108,0.2583769,-11.007939,-1.2422466,-6.2597747,-5.315408,-7.099397,-8.461557,3.8641512,-5.876625,-1.8193868,-7.999617,-3.8898087,-3.1630566,-5.0589266,-3.576004,-0.20086159,0.8089255,-4.561687,-0.18468492,0.22147241,1.3552006,-2.1998818,2.1151295,-2.2412977,-1.891031,1.4322116,-2.666078,1.6278234,-2.4409032,-2.4914534,-2.0218198,0.0007144887,-1.5385748,-1.3872502,-0.74123025,1
-344.96634,52.37542,-39.318214,19.78229,-22.454453,-0.24804126,-23.340837,-3.6521864,-5.6402254,5.4164257,0.75282586,-14.081229,3.1012108,-2.822177,0.026022317,-8.636825,-1.6673803,-1.797392,-5.363904,-6.4863563,-1.7859026,-1.81131,-7.3830175,2.0568516,-6.901557,-6.1485248,2.6057332,0.37941208,-4.598151,2.791323,1.5792443,-1.627856,0.69680554,-1.5042481,1.8146158,-2.198492,-0.759779,1.4934931,0.78452104,-1.3104535,1
-421.3125,67.37461,-12.750446,-1.8081322,-9.257983,-11.581085,-21.776922,-9.316972,-11.969055,-4.3850584,-4.759796,-8.385924,1.0010412,-4.2279778,3.459628,-4.716826,-6.8075523,-2.336185,-3.6002963,-4.2527056,-7.526735,-0.8583546,-2.6451824,-0.6520328,-2.6651633,-4.471846,-0.45892972,-4.632571,-4.2860317,-3.3633585,-0.8526613,-2.002212,-3.0288558,0.37468654,-1.8640199,-1.6954063,0.49194118,-0.13320808,0.15614355,-1.3819921,1
-505.43954,55.8049,-30.235382,12.803631,-14.040718,2.6160612,-13.780708,-6.060655,-1.6849552,1.5852197,-7.730781,-7.8088565,-1.3602753,-7.4138083,1.3928157,-10.2265835,-2.839181,-5.8235703,-4.537997,-0.096197605,-5.0571094,-0.06262112,-1.7597857,0.57836837,-1.4636732,0.30069706,-4.121415,-1.7353255,0.8730836,-4.0389953,-1.7793713,-1.759812,-1.8989391,-2.7537365,-0.22459966,-3.0139754,-1.6458575,0.660555,-1.7710081,-0.736438,1
-503.7244,133.05449,-82.874306,-12.775837,-50.419174,21.935722,-26.854721,-11.694701,-25.48879,-16.692984,2.9629288,-9.830236,-1.7444932,-28.522696,-5.250918,-2.9020195,-1.4106461,-7.215566,-3.3979268,-0.35553932,-10.43535,-9.668703,-16.71612,-3.2486262,-6.6781507,-7.5074406,-4.0480943,6.692517,17.57842,16.4359,9.19886,-7.200209,-12.884305,-8.16315,5.541091,5.4148483,-3.5708659,-9.536883,-3.3678567,2.321204,1
-419.82892,54.974194,-12.90673,15.755009,-7.866165,1.5937531,-12.733107,-6.3284445,-13.452649,1.9780048,2.6516817,-10.002282,-1.6871524,-6.8102083,0.7151203,-6.7028217,-5.573449,-3.3569005,-4.335796,-5.2412877,-6.584529,1.0353652,-3.8666546,-4.9046082,-0.20927052,-0.87909275,-1.532003,2.6897914,-1.3081001,-0.9504391,1.0250617,0.3601661,0.87669253,-2.4892929,0.8343298,-2.3174047,-0.5263959,-0.6218629,-1.7795565,0.3849675,1
-434.18808,40.182323,-4.4796615,14.525876,-6.5986176,0.93968177,-10.472533,-14.286995,-11.196858,-6.0754867,-3.5102062,-9.0053,-4.2674894,-8.696793,-6.585953,-6.362095,-6.440284,-2.471178,-2.6770976,1.0230923,1.5514052,2.2073715,1.7961375,-1.6648514,-0.73001367,0.32341385,-0.5056781,-1.0845385,-2.720481,-2.21545,-1.00893,0.8265275,-0.3003949,-0.9389964,2.6063833,-0.20479207,-0.06897118,1.7645476,0.037466854,0.6483065,1
-408.3495,36.174084,-19.145746,9.4930725,-16.223412,8.879806,-15.822042,-5.9117203,-6.194556,0.36226928,-1.8917431,-5.766913,-0.23383492,-9.437879,-0.9718491,-6.0822816,-2.557929,-5.1044273,0.12906481,-0.51255435,-4.323906,3.4634593,-0.12709443,2.1004436,1.7237068,2.115161,-0.89014417,-0.9312797,0.14764619,-2.0117395,-2.9238958,-2.566411,-3.6489644,-2.1910255,-0.19062397,-2.4202142,0.63110095,-1.4717435,-0.18825635,-1.6857986,1
-300.5624,113.124535,-48.841606,6.078655,-13.405017,46.37391,-34.868355,-16.74962,-9.975089,-26.162626,-18.409975,-18.592783,0.10907314,-17.89391,-8.848205,-9.450001,-0.5808461,-1.3086722,-4.338584,-1.9493691,-4.7867026,-4.3535056,-6.8579245,3.1700518,-1.2852308,0.70641917,-3.3686838,3.410817,3.9994864,-2.7045758,3.5105119,-5.162369,0.6370007,1.2631841,-4.1193047,-0.09826489,-0.5838642,-2.1591067,-2.0887446,-3.242447,1
-321.73636,50.23384,-23.68672,22.225819,-20.286652,23.255947,-19.002644,-15.824275,-23.347431,-11.31437,-14.467231,-14.214775,-6.020039,-11.578589,-6.76099,-11.477819,-6.6839075,-13.880853,-13.401091,-4.961014,-15.009494,-2.4624982,-9.871022,-6.9186053,-5.3082805,-2.057339,-0.21761705,-4.1133833,-4.2351613,-4.4490013,1.9261404,-5.166626,3.533445,1.8037269,8.385667,1.4062926,7.4911156,3.1118257,1.0834466,3.7137413,1
-301.10947,120.50197,-30.307144,-18.545761,-12.719861,-0.96647835,-15.001956,-11.212904,-1.5157468,-2.7501447,-9.942706,-11.294091,0.31807622,-9.088005,-15.217295,-9.430576,-9.573784,-6.9683604,-5.520013,-5.877917,-7.9188724,-7.916232,-5.9467254,-4.8105006,-7.12267,-7.8388243,-6.5460806,-0.9768236,-0.5983003,-1.7745519,1.4654821,1.8523495,2.1012805,-1.0850993,-1.1791923,0.59799916,-0.01607483,1.1534717,-0.33846378,0.4835325,1
-393.01443,74.89451,-19.84109,-3.67169,-10.24848,15.177713,-27.88248,-9.938048,-16.772263,-11.438306,-2.0952165,-11.391567,-6.271255,-12.450641,7.201862,-4.5522337,-4.5543327,-2.5518126,-8.5996,-2.3631136,-4.5083504,-10.293312,-9.083027,-2.588536,-7.826736,-0.9444235,-3.81257,-3.149978,0.21135299,-2.1586668,-0.564204,-3.1541903,-1.1148208,-3.7211306,1.6922541,-0.39423844,-1.7191252,0.8410877,-3.6238296,-0.13318026,1
-551.35333,17.792692,-16.391495,-5.7984247,-27.084566,3.6636963,-1.2424651,-2.9400747,-6.5238547,1.7810621,-0.15913796,-0.22039415,3.645146,-0.93496495,1.23006,0.8922961,2.8309393,-3.1086102,0.29822573,-2.677561,-1.6044044,0.5898259,-1.3638967,-2.1102602,-2.8162522,0.45465186,-1.8646053,0.13644503,-1.1653854,-0.37848198,1.3649366,0.96138006,-0.18967734,0.57557535,0.02715562,-1.6246608,1.3325354,-1.6832192,-1.057298,-0.28037274,1
-351.5837,53.33232,-35.518707,6.610916,-19.168972,1.4743172,-14.240286,-5.245617,-5.13592,1.0721629,-2.9609404,-5.4556465,3.9095397,-1.5239482,0.00563201,-2.9048915,-1.0168792,-2.2811081,-3.0729797,-2.093754,0.28192514,-0.2293203,0.100333914,0.059341863,-1.7131416,0.098328404,-1.2248144,-0.58674014,-1.2862109,0.3731932,-1.4951354,0.34022218,-0.9397403,-1.3097254,0.5152211,-0.77595854,0.03704241,-0.26719028,0.061980177,-0.71965367,1
-261.80948,135.052,-81.65491,9.47824,-2.2124393,-4.8935337,-4.832648,-13.4785,-26.96436,-8.410742,-9.601223,-4.335518,-4.90251,-15.521135,5.3251595,-16.008217,-10.296568,-5.6926827,-6.877395,-4.1233573,-13.738866,-2.2858365,-4.373599,-6.296934,-2.5761755,1.2320672,-0.7310029,-1.9478815,-2.7729256,-0.5216533,0.39731392,-2.1212955,3.2558205,-0.5635621,0.5756492,0.52159727,0.0043573007,-1.0999767,0.50189805,2.4331017,1
-300.7985,76.66494,-14.74037,22.659037,-22.027206,14.3937645,-36.614166,-7.315535,-35.428314,-29.252031,-8.422291,-11.709183,-2.4404156,-24.00808,-3.5994658,-11.311072,-7.512442,-9.307815,-4.9799285,-8.948615,-5.8473206,2.1369019,-8.845119,2.902161,-2.3481133,4.035301,1.5570893,-0.2238219,-1.91178,-0.57906425,1.0178021,-4.007543,2.6892853,-4.2290373,1.3012415,-0.9711094,-3.594704,-0.3414627,-0.7208706,-1.2684323,1
-372.02393,91.62178,-19.337587,28.000088,-11.068738,-8.987714,-0.97457653,-24.844687,-24.272028,-3.681577,-5.1827717,-7.490348,-3.082761,-10.799355,-0.9755174,-10.912398,-15.566482,-11.157974,-12.830643,-5.158767,-9.620742,-5.697287,-8.47857,-5.0345144,1.6432003,-5.674159,1.911358,-0.5623672,-4.6617985,0.33390614,-2.0819876,-4.6398134,-1.939334,1.1605744,-0.91162443,-2.4526389,-1.6976238,1.0789824,0.106063455,-2.0135818,1
-297.86972,127.442505,-65.55034,-9.199989,-14.322638,-10.508146,-8.766377,-14.669572,-10.343785,-5.9135485,-23.576973,-13.359345,-0.71825373,-12.66003,-3.024627,-5.706455,-5.721181,-8.636306,-0.70922726,-1.0657934,-9.840425,1.220666,1.836118,2.7961674,-4.225702,-0.7034707,2.1937332,-5.485775,-1.6747367,-0.89503276,-1.4147913,-0.51306456,-0.58858603,-3.9645743,1.2757212,1.6712308,-2.887919,0.7016865,0.14657384,-1.5633416,1
-403.63522,63.36839,-15.586668,18.305094,-10.982186,-1.225484,-19.593311,-5.8591,-14.168784,1.1863227,2.2889605,-12.257335,0.8741043,-7.5744224,1.9578393,-5.0943136,-6.377409,-4.1542635,-5.6340694,-4.263321,-6.2303243,0.90752995,-4.3559694,-5.7952623,-2.2134888,-2.3754334,-2.3123949,1.5990634,-1.3807398,-0.6156863,1.0243553,0.23936385,2.6526043,-1.1176801,-0.6019489,-0.71430355,0.30519137,0.51173216,-0.39837638,-1.0412872,1
-356.99216,60.215652,-17.267368,-9.652946,-20.127384,-7.1220646,-14.747464,-6.8745356,-26.691723,-9.56428,-3.4119105,1.0831343,-3.038331,3.3541908,-5.5870385,-1.2455423,-7.1933665,-3.0833094,-0.3017664,-7.2961454,-0.2383785,-1.0120342,-4.9547276,-1.4147089,0.48525366,-0.6110412,-3.2914007,1.067004,-1.9136087,-0.6824692,-0.70191884,-1.0842373,-0.34538636,-1.0399423,-1.9405327,-0.5468496,-1.8572522,-1.8947009,-0.60173625,0.5616884,1
-356.423,54.95496,-23.87561,16.348598,-25.874935,10.143095,-26.587442,-6.9710236,-18.406494,-6.378412,-2.2483678,-14.81406,2.3863482,-13.145553,-0.8037924,-6.378079,-8.765811,-5.6173563,-5.87724,-7.0655465,-5.3326187,-2.861533,-6.7620707,-1.7409997,-3.2785954,-2.036795,-3.0510793,-2.5769122,-3.6940038,-0.661359,-2.262242,-1.4462616,0.6128881,-2.3507113,1.5987014,-0.741341,0.7504925,1.6261388,1.3383842,0.6034119,1
-351.8833,67.789925,-28.619774,24.63761,-11.3240385,-5.9367604,-23.318207,-5.870827,-13.244236,-1.008371,-6.347834,-15.419728,2.7190943,-7.441026,1.436679,-8.896146,-7.500272,-2.2604928,-5.79452,-7.8492475,-2.3326943,-0.40190002,-6.154464,0.33588398,-5.1769075,-2.5926847,0.09539083,-1.0014789,-2.8388724,-0.6593416,-0.14761332,-3.477453,-0.29750952,-1.8578675,-0.9056456,-3.8778424,-1.7417108,-0.46796843,-1.9612361,-0.83557427,1
-536.7539,41.363792,-12.061978,7.3533688,-0.88014555,13.746868,-6.2871637,-4.4266024,-6.1225495,-8.009749,-2.1870928,-7.1604176,-4.033686,-2.7805357,-1.598832,-1.6872447,-2.6272745,-1.1178957,1.8802451,-0.87907034,-3.6076796,-2.4197392,-1.0496472,-1.3409147,-3.1095665,1.6165779,-3.1792443,-1.8958031,-0.6058367,-0.42614487,2.1965504,-1.4656191,0.81662333,0.5802356,-0.27511233,-1.2472469,-1.5890056,-0.21919966,-0.5484847,-1.1160108,1
-412.77502,50.59298,-10.935284,15.721514,-9.147213,3.3878815,-14.005316,-7.541568,-10.676777,4.043595,5.072385,-9.916643,-3.2187707,-6.0851564,1.2755318,-6.0319433,-7.836693,-4.815529,-4.491367,-5.73806,-5.71438,0.038538333,-7.7382617,-5.5947256,-2.191678,-2.3246171,-0.23801245,0.9550587,0.56314087,1.3492951,0.21862282,-1.0862397,-1.2352054,-1.6204287,-0.2632007,-2.1405542,0.061731283,-2.2466023,-0.61075246,1.8088982,1
-417.33,35.886726,-15.749154,5.5442567,-32.693764,9.614588,-23.23218,3.1783116,-8.778643,-5.6770864,4.052268,-8.320211,2.421575,-8.895638,1.0064408,-6.4141245,-6.4703813,-3.101153,-6.0983844,-4.573867,-0.99457484,0.7643553,-0.9178198,-1.1195127,-1.326846,-0.05007646,-2.2683856,0.58541566,-0.9714234,1.8416454,-0.022820251,-0.6422095,0.46979588,-3.52107,-0.28664505,-1.6011037,-1.3007026,-0.53638595,-0.583639,-0.1544319,1
-320.44556,43.950813,-17.639502,21.141726,-40.321064,14.195275,-29.471903,-5.3264413,-21.761234,-14.126394,-4.2918606,-27.117998,2.644881,-12.1098175,-4.5643625,-8.964028,-7.935232,0.068433516,-6.0975556,-1.3828944,-6.509997,-0.69924754,1.9029115,1.4640828,1.1322702,-0.43328452,1.5341136,3.3416855,-0.0013383529,1.8295898,0.34371498,0.38513157,2.6179078,1.0841357,1.8168762,0.017980935,0.28742212,-0.68222,-0.7637966,-0.857948,1
-294.34106,165.28568,-43.356735,-3.420454,-5.152495,-1.1684566,3.5256395,-20.512465,-21.096632,3.450689,-6.726956,-17.023527,-6.8005023,-8.676459,-5.5694003,-9.58455,-13.480317,-12.59071,-6.7152815,-6.1517615,-9.881017,-6.6379294,-6.0450926,-5.7332993,-6.619519,-2.9258816,-3.5233037,-3.938124,-0.80629176,-2.2059388,-2.2295556,-0.098207355,1.3278,-0.5996927,-0.30196363,-0.13047832,0.90250957,-0.26456702,-0.6203227,1.9961627,1
-478.03552,45.209763,-10.484581,21.253262,-16.560652,4.6503496,-20.420633,-5.0342946,-19.18324,-5.677304,-1.75221,-12.333926,-3.5745597,-9.969431,0.9656042,-7.5517554,-6.549275,-3.9948294,-0.24390577,-5.274967,-6.3148584,1.7732931,-2.5139468,0.26686388,2.5995257,-0.6000495,-1.1863598,1.243354,-0.9389367,0.17910793,1.6089857,1.5239267,-0.3220318,-0.5733713,-0.024625534,1.0669713,0.05540955,-2.433025,1.3970908,-0.32598823,1
-462.1281,56.7485,-10.753161,-17.288385,-16.930882,-2.197895,-19.808636,-17.928125,-12.890261,-7.330447,0.7320237,0.054782715,-0.040644463,-3.5229096,-0.14758383,-3.5945902,-0.71356875,0.8825574,-4.089341,-2.798802,-0.74182874,1.7142208,-0.4627117,-2.2663684,-0.300887,2.5291686,1.3452942,-1.1960077,-1.2092396,0.11947347,-0.118124455,-2.5438678,-2.0821815,-0.66778773,-0.72058946,0.27935088,0.67036754,-1.2098706,0.2530761,0.9480045,1
-400.94687,39.62678,-19.045753,8.073827,-22.528795,4.9547334,-17.572144,-4.2322793,-3.6581268,1.0885286,-2.8847604,-9.95441,2.1696808,-9.47606,-3.6200423,-6.0538135,-4.8234406,-2.029593,1.9399989,-2.6163945,-3.3109002,1.7538779,-1.1022785,1.5894727,0.32601342,4.164779,0.6921717,2.1198153,0.06354557,-3.6257179,-2.0260677,-3.0308857,0.59594893,-1.701519,-1.7849829,-1.3871272,-0.3240258,-0.8480946,-1.128746,-0.9658528,1
-413.41098,43.15076,-10.677474,12.395479,7.1446424,14.566918,-18.357695,-15.634501,-8.780729,-6.373831,-1.016294,-13.856351,-5.363589,-0.7481789,-7.5208154,-5.244578,-0.9938897,-3.8679857,-6.3165402,-3.6607726,-0.116022296,-4.467464,-4.5349874,-1.8768404,-0.27331185,-1.0290377,-3.1781495,2.0004237,0.18466896,0.12381061,-0.51547855,-1.1620456,0.40592673,1.3457357,2.0371954,-0.96659636,1.8736085,0.44115013,-1.195467,0.16772407,1
-315.50317,97.75026,-30.12614,10.976869,-15.743071,12.414183,-15.979856,-1.4515982,-9.198044,-7.4553027,-2.20177,-4.9402905,13.444578,0.23087743,-5.609351,-1.7062684,-5.4954824,-4.300716,-13.48788,-6.2882047,-7.6686263,-8.494251,-10.192628,-7.9855623,-8.456956,-5.051164,-4.205669,-8.025995,-1.2133648,-4.1586156,-6.3253117,-1.7047805,-3.3088822,-3.8348417,-1.1870487,-6.489935,-0.6646391,-0.9026669,-0.6831015,-0.8477072,1
-370.68033,53.14016,-43.400215,23.368711,-19.476297,4.2121277,-15.836792,-17.137798,-14.724957,-8.300776,1.2126541,-10.815032,1.6933188,-1.1414795,-6.290968,-5.4678082,0.50485516,-9.226133,-11.14513,0.23776628,-5.0240765,-0.9207895,-1.9786679,-2.1541798,2.1973042,-0.9545847,0.15871818,1.5797096,-3.1352773,0.16523556,-0.98585576,-2.3346426,-1.5898724,-2.665994,2.4343812,-2.1557105,-1.4610558,1.9614004,-0.9927465,0.06392609,1
-367.49207,27.239405,-84.490486,39.25171,-19.608326,18.488012,-3.4253516,7.9527397,-10.133799,-7.816639,2.0585418,-17.144686,6.450435,-12.54781,-4.8760777,-4.545368,-9.703176,-7.492927,-3.640444,0.10030592,-0.982364,4.308178,-4.76684,-1.3961,-3.239054,-1.852702,-0.50630146,1.44775,1.311976,-2.9867268,1.853447,-1.3785561,2.4208655,-1.2281609,-0.97951,0.34297127,-3.5022721,2.4721887,0.9548876,0.42819756,1
-395.2994,43.437996,-9.306324,23.562235,-26.461529,-2.4188604,-11.682294,-1.8117996,-5.63105,-7.802537,-7.1779814,-9.789539,0.016295226,-8.54885,-1.1906813,-5.945567,-6.609613,-3.727673,-2.4752126,-0.9397823,0.01562616,2.4335282,-0.7034983,0.19043975,0.31693003,0.11147895,-1.0202763,0.5257664,-3.9236517,-2.4311042,-0.7739355,-2.7892396,-0.4873107,-3.1602588,-3.5794644,-2.537222,-0.3863811,-2.6254325,-0.708878,0.55426586,1
-363.87247,68.88275,-48.45856,26.44656,-15.710131,-6.676398,-20.744717,6.7647204,-14.702766,-5.495468,-9.189228,-21.557741,7.946795,-6.5899506,-2.4714353,-8.688781,-6.2294054,-4.026333,-6.102889,-5.712357,-4.3691025,-1.620269,-5.2400346,1.9733025,-1.6512656,-3.1308131,-0.42856205,1.7051252,-4.031241,4.221595,0.75626665,-5.9486394,3.361984,-2.3542283,0.7307704,-3.3171587,-3.6700618,-0.34395754,-2.163027,0.16605142,1
-351.25665,66.97561,-7.3543653,34.02586,4.501683,-1.4638968,-22.058113,-16.095932,-14.760494,-8.990067,-11.514413,-10.2498455,-3.2108428,-13.131918,-3.157628,-11.065889,-5.990768,-3.693384,-6.1430078,-2.7675586,-7.0632496,0.90684885,-1.5407393,-1.5462664,-1.8499001,-3.7149262,-1.1300827,-3.1951146,-2.6372223,-1.8599484,-0.8319132,0.19526002,-1.2367697,-1.640155,-1.5993959,-1.9327301,-0.4332931,-1.4998381,-0.9130269,0.8418645,1
-383.61816,61.007515,-27.227482,19.366982,-11.146306,-5.158463,-20.738914,-3.6772382,-9.838347,-1.9039868,-6.2403603,-15.998059,1.9331124,-3.2334,-0.63972324,-10.538129,-7.208224,-4.082495,-9.444689,-8.949524,-3.6230524,-0.17452534,-4.2941856,1.0793164,-2.060637,0.96527046,4.166116,3.4232585,-0.15256721,0.84114045,-0.333238,-3.6873481,0.37310907,-4.0266876,-0.33648002,-2.929925,-3.1643527,1.3161167,-1.902503,-1.7476294,1
-389.19495,56.430164,-12.809176,1.1298385,-15.892451,-3.1746995,-4.242306,2.0493422,-14.615446,-4.2904444,-7.9300685,-6.500817,1.2640574,-2.0219896,-0.20798185,-10.644472,-8.283158,-4.0621843,-6.212998,-2.9554515,-2.6339133,1.0483556,-3.2649796,2.8382137,-1.7553257,-0.22809382,1.7134744,-1.208085,-2.4944394,-1.9706076,2.5159643,-1.3769342,2.958035,-4.20718,0.7196408,0.16805318,1.8538948,-2.2451587,-0.8714133,-0.36209208,1
-405.07074,47.43422,-7.605932,24.78867,-27.209953,-4.5367513,-15.529346,-4.7924013,-7.877786,-6.116587,-6.3612385,-8.290685,0.4518368,-9.427313,-1.160112,-4.7825427,-3.3375328,-4.7665057,-4.807288,0.8686063,-1.5399469,-1.1616553,-0.19078319,0.5872375,-1.8294411,-0.97510296,-1.6481758,1.2265024,-1.9442431,-0.099040106,0.3130486,-3.4187882,0.53289914,-0.6828155,-0.6215911,-3.0946891,-1.0182832,-0.34799322,-0.62810206,-1.8858519,1
-394.1133,72.365746,-34.856705,21.046825,-10.114496,-3.0378437,-24.16854,-7.6124234,-9.1128235,6.019487,-4.296007,-19.44676,0.31957826,-5.919601,0.5474603,-13.46632,-6.585898,-1.306268,-5.4312353,-4.2976046,-3.969127,-0.4451888,-2.9238498,1.7820868,-5.1126285,-2.0557547,0.70565695,-0.23636052,-1.6283274,-0.88218427,3.064732,-0.031188715,-0.81789196,-1.7062936,1.6895409,-3.080826,-1.1292099,1.1451088,-1.2581679,0.98516005,1
-411.35947,39.061504,-19.576889,13.316132,-17.817245,2.022676,-26.801085,-4.1853566,-14.781042,-12.671875,7.4467583,-8.921518,-3.867351,-2.7544143,-2.1285868,-8.207996,-4.22038,-4.6873384,-2.2623353,-0.26984194,-2.0230937,2.405625,-0.27968818,2.2391174,0.6426347,0.6657683,0.24780092,0.6100292,-0.3639342,-1.1532586,0.27028304,-1.2430925,0.4582486,-0.031462017,-0.08390963,-0.28358197,-1.9568824,-0.56359005,-0.6201623,-0.5450149,1
-374.1622,106.63312,-23.784653,21.874924,-24.093994,30.493973,-29.281616,1.2805715,-12.64684,-0.035562277,-13.236028,0.679791,-21.633522,4.5770535,-14.567849,7.4180737,-15.419037,6.6686616,-16.324392,-0.6416846,-10.788751,-2.9365807,-10.841965,-2.0434904,-8.068615,-2.6300125,-6.0306325,-0.23688678,-7.9767394,-1.2196109,-5.6946063,2.6817942,-2.3997996,-0.46082816,-5.1838403,-0.4923617,-3.6056402,0.5742826,-0.50495034,0.025552383,1
-471.2613,39.06043,-55.925865,-3.4430811,-32.11484,26.455416,-30.407064,-18.746313,-31.541302,4.629552,-0.74907464,-15.894227,5.802961,7.3492823,14.999799,-9.131545,-0.67455226,-8.684295,-7.8811884,-9.481962,-5.511881,-2.3990827,-4.171863,-0.54218686,-0.39121282,3.2638483,-1.9809405,3.869004,-1.4176134,-0.5979639,1.4988323,0.784011,1.1200801,0.44818145,-0.24772692,-0.3432535,0.8107447,-2.3207018,-0.49459472,-2.1817367,1
-316.72513,44.25347,11.970962,-11.251198,-15.218213,4.7350006,-24.32148,-3.6837478,-33.542988,-3.1240172,-22.941563,5.424666,-11.029587,8.823004,-14.838512,-1.8995291,-5.612065,-7.9923286,-4.4102726,-1.0155984,-10.566919,3.563469,-2.9522498,1.6347393,1.4542757,2.170835,-0.17946854,2.1106768,1.1835659,-0.43190026,-3.537426,-2.1059911,-2.5248787,-3.6720743,-3.2755558,0.48855376,-2.664303,-2.5502489,-2.8695147,-0.71251047,1
-513.055,38.700172,-26.069952,13.328638,-29.070374,3.9951632,-16.050356,3.6086586,-4.171591,-5.319391,-3.8467796,-10.888539,3.5285265,-6.6752505,-0.17922322,-2.2888649,1.9172131,-0.41283035,-1.8420461,-3.9886289,-2.304152,-1.1585149,-7.4015365,0.60882294,-3.909956,-1.4388673,-1.5157334,-2.4153342,-0.5913839,0.4267035,0.008436092,-3.3613338,0.8887962,-2.4795718,-1.6510696,-0.468902,-1.807993,0.12721542,0.4116866,0.06280595,1
-542.59235,38.43855,-18.350843,20.179386,-20.572685,1.7039925,-15.838032,3.3844097,-3.503391,-1.8193473,-2.8103943,-9.755735,3.3743775,-7.5030465,-2.308852,-3.9504254,-2.084181,-0.5088309,-0.28325754,-5.5697875,-2.9520283,-1.8958857,-7.888849,1.3117024,-2.885023,-2.2357535,-2.1135497,-2.5486145,-2.2512481,-2.156159,-0.81800836,-2.2681909,0.42231485,-0.57773083,-0.35370508,0.78090763,-0.18439263,-0.8726277,0.033090204,0.34951332,1
-367.2331,77.67786,-11.575372,9.818355,-2.5820768,14.593733,-22.559877,-12.836332,-11.781154,-16.8601,-5.4176254,-13.921858,-7.507392,-8.953183,-6.0563564,-5.096293,-3.3734586,-4.5131683,-2.5010967,-1.3837311,-5.7023807,-5.488831,-4.6465364,0.19812728,-3.5201285,-1.5078735,-1.2755849,-2.8691535,0.6917681,-0.16267756,-1.006139,-1.7626848,0.32578993,-0.43771425,-1.417649,-1.6884181,-1.9757047,-1.6686738,-1.0986482,-0.84038734,1
-374.02493,94.034615,-28.029236,36.540844,-5.4499083,-6.4702997,-18.68902,-22.649015,-24.57411,-17.956367,1.4955046,-9.194608,1.2222948,-10.819254,-6.9034705,-2.1007318,-20.243631,-9.661042,-9.24509,-11.394362,-7.3943796,-5.449553,-9.208317,-6.8199816,-1.9755688,-5.987109,1.7758242,-1.8859662,-5.064363,0.7456319,-1.7336841,-2.105932,-2.178063,0.94210696,0.035968386,-3.2032704,-0.33581915,0.58544844,-0.10816073,0.24888058,1
-359.04742,99.49291,-61.1673,-16.36489,19.861052,-19.755026,-21.001354,-13.693755,-16.305538,-0.91740006,-5.1863356,-15.781944,-2.1606977,-3.087734,-13.186918,-5.0047364,-4.205284,-9.464241,-2.7160196,-1.1576465,-4.797484,-1.9726921,-1.099263,-1.0460573,1.9196626,0.46131042,-2.2340884,-0.50394934,1.0800384,-0.36313254,-2.1390185,-1.1228744,1.0332819,0.90382904,0.2522431,0.101117656,-0.6686148,-0.6809827,-0.6008172,-0.81084985,1
-641.1164,132.15709,-51.913677,23.007874,-7.688857,21.046955,-7.0563674,6.6914067,-18.713633,-6.676545,-24.04311,-13.456675,-22.582512,-4.5255694,-12.718809,2.5188642,-9.981098,0.15346771,-12.196237,-0.14881648,-13.0978985,-3.2613745,-10.976448,-0.8765522,-7.1694016,-1.3030899,-4.584438,-0.35940257,-1.9937708,0.3376646,-0.6099368,-0.77560747,-0.78702193,-1.1559668,-1.6552854,-0.02257976,0.1051356,-1.8962718,-2.0137763,-1.4945829,1
-461.818,52.72337,-32.874718,14.353733,-0.34954754,17.113985,-18.910267,-7.126081,-2.0657554,-11.615692,-7.5317082,-14.140402,-9.812896,-3.0882273,-3.77371,-10.168142,1.2494766,-4.2031045,-1.7391253,0.12944955,-4.1621385,-2.403419,-3.4327526,5.574258,-2.4213758,-1.0617361,-0.036380988,-4.1803875,1.9945699,3.6398027,-1.2822622,-2.066957,3.425401,-0.5258124,-1.898248,-1.1480129,-1.4920356,-2.7640274,-0.91278815,-0.19652864,1
-491.63593,38.378887,-19.625183,21.700106,-19.237682,9.507787,-15.368872,3.3169417,-5.627653,-12.042123,-7.6019144,-3.706255,3.8410416,-7.8711176,1.0773336,-3.1235433,-1.0389342,-4.962833,-2.466399,-2.040421,-0.9639258,-1.1191736,-7.286576,1.0721116,-5.090561,1.1165352,-1.9373965,-2.2064722,0.72099435,-3.9343443,-0.21717921,-1.0592085,1.3157599,-1.6947438,-1.6352662,0.7585594,-1.1798614,-1.5046425,-0.5935703,1.6398978,1
-658.6243,133.62868,-16.456959,46.091984,-22.566725,27.015593,1.8733592,-10.869564,9.948196,-19.531815,1.9607061,-3.7254672,-15.044576,-7.3798695,-12.592187,-11.315752,-4.420649,-6.498242,-6.722888,-7.6302457,-12.503524,-4.5661297,-4.9250484,-7.4979687,-8.602208,-8.285425,-1.193302,-2.142072,0.5086135,-0.7609914,-3.8705387,-2.8352323,-4.350145,-2.1649592,-1.2022047,-2.9529057,-3.0319674,-2.5628192,-2.1024444,-0.18904422,1
-415.72748,66.617935,2.6715417,24.196835,-39.15499,14.425806,-34.187447,3.2373233,-19.192688,-9.807522,5.465196,-11.341408,-6.1790066,-14.6046095,5.8532977,-13.532878,-9.61286,-12.982617,-11.149628,-11.761707,-9.547081,2.5511165,-16.222628,-8.294983,-4.0683074,-8.517373,-1.892194,-1.0657468,-1.6140265,1.9513588,5.5358133,3.811827,2.0474107,2.283586,1.2582357,3.205841,1.0399303,-0.4262352,-1.1398542,0.99809355,1
-403.1248,50.42936,-13.986368,9.693439,-18.896646,2.6173568,-19.710642,-1.131017,-7.8128777,2.7456605,-8.989151,-5.725084,-6.086817,-3.2755501,-4.415222,-1.6590581,-4.993688,-8.169985,-9.909234,0.21347998,-9.517086,-2.3116047,-3.80174,-3.9705005,-3.7960045,0.89079964,-1.6766887,-3.7480876,-3.5932243,-0.40339884,-1.0514246,-4.1535163,-0.8283967,1.0505797,-1.5623219,-1.2092433,2.2181165,-1.9842241,-0.27418345,-0.00815186,1
-352.7359,59.93135,-37.14986,-5.7932444,-12.599566,2.2055535,-10.403095,-25.241613,-12.199442,1.3992026,-7.3233213,-9.48624,0.61933386,-4.3652425,-2.0442536,-2.0363903,-4.961672,-2.8347478,1.1166611,5.6772685,-0.92565703,-0.29264966,-1.3971038,-3.9692688,1.0201534,0.9008727,-3.3275373,-1.1919705,-1.6931667,-3.988137,-2.7752929,-3.0999148,-1.6970586,0.85236347,0.15900566,-0.6292856,0.7932643,0.7569453,-0.44127733,0.81685877,1
-552.49963,95.19078,-5.4094024,-6.7277093,-20.232845,-11.638761,-6.305957,-24.866331,-16.176596,1.4254253,-1.5079829,-7.9301867,-2.2848353,-3.6103709,-5.809877,-1.1824056,-5.39199,-6.6072426,-3.7026284,-4.666861,-5.194101,-7.128274,-6.1452975,-2.8171763,-2.7718542,-1.4644753,0.08795314,-1.7157961,-2.1128004,-0.48331323,-1.3798549,-2.7959003,-1.7317574,-2.4998713,-3.7963254,-1.6296389,-1.5993469,-3.066159,-1.740286,-1.349959,1
-384.12793,48.16401,-12.084169,5.790816,-22.181665,-0.050414283,-2.331308,-4.141913,-11.547974,-0.788482,-6.134202,-6.0376086,-8.027528,-5.3031993,-6.748091,-0.053714983,-4.320339,-11.560455,-4.4120784,-0.28611392,-3.8138492,-2.0393627,-1.6379089,-2.111802,0.5468591,2.0449116,-0.92024904,0.3267218,-1.7062072,-0.5852896,-1.0738719,-3.4128854,-0.55848557,1.5447319,-1.9445559,-0.5057857,1.0378865,-1.651475,-0.0042804466,0.08134064,1
-404.2926,39.608425,-17.054296,23.551674,-23.43847,-0.2629427,-9.639792,-0.29194996,-5.473247,-6.9937515,-8.8765745,-8.554187,2.0113857,-10.817826,-3.7159677,-7.1649837,-6.211824,-3.6222534,-3.3075554,-1.0258906,-0.5827272,1.3541603,-0.91036123,-0.26605588,0.50216985,2.9999666,-2.4854665,-1.1581793,-1.5797799,-1.3309389,0.15370902,-2.7455208,-0.025199234,-0.22527227,-1.2138115,-2.9220605,-0.94677424,-1.0671269,-0.6388871,-0.8475625,1
-447.42426,38.519802,-16.655828,8.127592,-13.020444,2.935307,-11.218766,-4.3108125,-3.8269038,-0.5891396,-3.9308772,-5.7547956,0.51763463,-5.403093,-1.4988983,-6.6241274,-2.1099846,-3.267776,-1.0724038,-2.3909185,-4.774791,2.0748053,-2.6039834,0.5082234,1.596888,1.6694714,1.1328833,-0.028513646,0.906249,-1.232071,-2.3470826,-0.8554368,-0.42670047,-1.6160439,-0.7377628,-1.843401,-0.90372723,-1.1349591,-1.9666005,-1.5080631,1
-452.8132,51.884117,-3.872316,10.841281,-9.818511,5.1812468,-11.808107,-5.7745757,-11.260045,0.3449628,4.416097,-8.450605,-4.2967014,-5.9737854,4.043615,-2.704374,-8.478142,-4.8806033,-4.831955,-6.2403636,-4.230928,-0.5405299,-3.8284717,-2.6904132,-1.8244576,-0.8194631,-0.9570713,2.0030072,1.4506559,-0.6803819,-0.80113626,0.2170806,-0.218677,-1.4267771,-0.40089756,-2.110008,0.6698053,-0.50743157,-0.02083976,1.1743613,1
-296.58838,77.35771,-48.651516,10.287138,-12.356608,27.579489,-26.044878,-7.2785873,-13.62664,-24.150494,-3.7325523,-11.634989,-6.175102,-11.809867,-2.2924166,-6.500836,-0.17706823,-2.0553217,-1.4887778,1.0440223,-6.1454973,-5.131638,-2.9457862,1.4550985,-3.3079555,3.5544045,-3.4423933,-1.0827893,2.4427834,-2.280142,-1.3704355,-1.2710502,2.7578964,-3.6300156,0.42485014,-1.003149,-1.6859131,-1.250022,-2.523526,-0.30691937,1
-438.1855,20.941574,-14.036839,28.306711,-18.161829,15.872813,-5.3756614,-10.353697,1.8067809,-13.385339,0.55260676,-1.4588907,-3.7401543,-6.0220404,-3.8061893,-4.7729797,-8.76409,-4.4586406,-4.759072,-6.106717,-5.33563,-3.21586,-5.222559,-2.07079,-2.7744505,-4.8932858,1.4181378,-1.2662152,-2.1626055,0.5310634,-1.9329189,1.0347949,0.0111317495,-3.0640626,0.46363553,-0.96487993,-0.93488955,-0.19271833,-2.3623564,0.10389305,1
